Argentina;Buenos Aires;Adolfo Alsina
Argentina;Buenos Aires;Adolfo Gonzales Chaves
Argentina;Buenos Aires;Alberti
Argentina;Buenos Aires;Almirante Brown
Argentina;Buenos Aires;Arrecifes
Argentina;Buenos Aires;Avellaneda
Argentina;Buenos Aires;Ayacucho
Argentina;Buenos Aires;Azul
Argentina;Buenos Aires;Bahía Blanca
Argentina;Buenos Aires;Balcarce
Argentina;Buenos Aires;Baradero
Argentina;Buenos Aires;Benito Juárez
Argentina;Buenos Aires;Berazategui
Argentina;Buenos Aires;Berisso
Argentina;Buenos Aires;Bolívar
Argentina;Buenos Aires;Bragado
Argentina;Buenos Aires;Brandsen
Argentina;Buenos Aires;Campana
Argentina;Buenos Aires;Cañuelas
Argentina;Buenos Aires;Capitán Sarmiento
Argentina;Buenos Aires;Carlos Casares
Argentina;Buenos Aires;Carlos Tejedor
Argentina;Buenos Aires;Carmen de Areco
Argentina;Buenos Aires;Castelli
Argentina;Buenos Aires;Chacabuco
Argentina;Buenos Aires;Chascomús
Argentina;Buenos Aires;Chivilcoy
Argentina;Buenos Aires;Colón
Argentina;Buenos Aires;Coronel Dorrego
Argentina;Buenos Aires;Coronel Rosales
Argentina;Buenos Aires;Coronel Pringles
Argentina;Buenos Aires;Coronel Suárez
Argentina;Buenos Aires;Daireaux
Argentina;Buenos Aires;Dolores
Argentina;Buenos Aires;Ensenada
Argentina;Buenos Aires;Escobar
Argentina;Buenos Aires;Esteban Echeverría
Argentina;Buenos Aires;Exaltación de la Cruz
Argentina;Buenos Aires;Ezeiza
Argentina;Buenos Aires;Florencio Varela
Argentina;Buenos Aires;Florentino Ameghino
Argentina;Buenos Aires;General Alvarado
Argentina;Buenos Aires;General Alvear
Argentina;Buenos Aires;General Arenales
Argentina;Buenos Aires;General Belgrano
Argentina;Buenos Aires;General Guido
Argentina;Buenos Aires;General Lamadrid
Argentina;Buenos Aires;General Las Heras
Argentina;Buenos Aires;General Lavalle
Argentina;Buenos Aires;General Madariaga
Argentina;Buenos Aires;General Paz
Argentina;Buenos Aires;General Pinto
Argentina;Buenos Aires;General Pueyrredón
Argentina;Buenos Aires;General Rodríguez
Argentina;Buenos Aires;General San Martín
Argentina;Buenos Aires;General Viamonte
Argentina;Buenos Aires;General Villegas
Argentina;Buenos Aires;Guaminí
Argentina;Buenos Aires;Hipólito Yrigoyen
Argentina;Buenos Aires;Hurlingham
Argentina;Buenos Aires;Ituzaingó
Argentina;Buenos Aires;José C. Paz
Argentina;Buenos Aires;Junín
Argentina;Buenos Aires;La Costa
Argentina;Buenos Aires;La Matanza
Argentina;Buenos Aires;La Plata
Argentina;Buenos Aires;Lanús
Argentina;Buenos Aires;Laprida
Argentina;Buenos Aires;Las Flores
Argentina;Buenos Aires;Leandro N. Alem
Argentina;Buenos Aires;Lezama
Argentina;Buenos Aires;Lincoln
Argentina;Buenos Aires;Lobería
Argentina;Buenos Aires;Lobos
Argentina;Buenos Aires;Lomas de Zamora
Argentina;Buenos Aires;Luján
Argentina;Buenos Aires;Magdalena
Argentina;Buenos Aires;Maipú
Argentina;Buenos Aires;Malvinas Argentinas
Argentina;Buenos Aires;Mar Chiquita
Argentina;Buenos Aires;Marcos Paz
Argentina;Buenos Aires;Mercedes
Argentina;Buenos Aires;Merlo
Argentina;Buenos Aires;Monte
Argentina;Buenos Aires;Monte Hermoso
Argentina;Buenos Aires;Moreno
Argentina;Buenos Aires;Morón
Argentina;Buenos Aires;Navarro
Argentina;Buenos Aires;Necochea
Argentina;Buenos Aires;Nueve de Julio
Argentina;Buenos Aires;Olavarría
Argentina;Buenos Aires;Patagones
Argentina;Buenos Aires;Pehuajó
Argentina;Buenos Aires;Pellegrini
Argentina;Buenos Aires;Pergamino
Argentina;Buenos Aires;Pila
Argentina;Buenos Aires;Pilar
Argentina;Buenos Aires;Pinamar
Argentina;Buenos Aires;Presidente Perón
Argentina;Buenos Aires;Puan
Argentina;Buenos Aires;Punta Indio
Argentina;Buenos Aires;Quilmes
Argentina;Buenos Aires;Ramallo
Argentina;Buenos Aires;Rauch
Argentina;Buenos Aires;Rivadavia
Argentina;Buenos Aires;Rojas
Argentina;Buenos Aires;Roque Pérez
Argentina;Buenos Aires;Saavedra
Argentina;Buenos Aires;Saladillo
Argentina;Buenos Aires;Salliqueló
Argentina;Buenos Aires;Salto
Argentina;Buenos Aires;San Andrés de Giles
Argentina;Buenos Aires;San Antonio de Areco
Argentina;Buenos Aires;San Cayetano
Argentina;Buenos Aires;San Fernando
Argentina;Buenos Aires;San Isidro
Argentina;Buenos Aires;San Miguel
Argentina;Buenos Aires;San Nicolás
Argentina;Buenos Aires;San Pedro
Argentina;Buenos Aires;San Vicente
Argentina;Buenos Aires;Suipacha
Argentina;Buenos Aires;Tandil
Argentina;Buenos Aires;Tapalqué
Argentina;Buenos Aires;Tigre
Argentina;Buenos Aires;Tordillo
Argentina;Buenos Aires;Tornquist
Argentina;Buenos Aires;Trenque Lauquen
Argentina;Buenos Aires;Tres Arroyos
Argentina;Buenos Aires;Tres de Febrero
Argentina;Buenos Aires;Tres Lomas
Argentina;Buenos Aires;Veinticinco de Mayo
Argentina;Buenos Aires;Vicente López
Argentina;Buenos Aires;Villa Gesell
Argentina;Buenos Aires;Villarino
Argentina;Buenos Aires;Zárate
Argentina;Catamarca;Ambato
Argentina;Catamarca;Ancasti
Argentina;Catamarca;Andalgalá
Argentina;Catamarca;Antofagasta de la Sierra
Argentina;Catamarca;Belén
Argentina;Catamarca;Capayán
Argentina;Catamarca;Capital
Argentina;Catamarca;El Alto
Argentina;Catamarca;Fray Mamerto Esquiú
Argentina;Catamarca;La Paz
Argentina;Catamarca;Paclín
Argentina;Catamarca;Pomán
Argentina;Catamarca;Santa María
Argentina;Catamarca;Santa Rosa
Argentina;Catamarca;Tinogasta
Argentina;Catamarca;Valle Viejo
Argentina;Chaco;Almirante Brown
Argentina;Chaco;Bermejo (Chaco)
Argentina;Chaco;Chacabuco
Argentina;Chaco;Comandante Fernández
Argentina;Chaco;Doce de Octubre
Argentina;Chaco;Dos de Abril
Argentina;Chaco;Fray Justo Santa María de Oro
Argentina;Chaco;General Belgrano
Argentina;Chaco;General Donovan
Argentina;Chaco;General Güemes
Argentina;Chaco;Independencia
Argentina;Chaco;Libertad
Argentina;Chaco;Libertador General San Martín
Argentina;Chaco;Maipú
Argentina;Chaco;Mayor Luis Jorge Fontana
Argentina;Chaco;Nueve de Julio
Argentina;Chaco;O'Higgins
Argentina;Chaco;Presidencia de la Plaza
Argentina;Chaco;Primero de Mayo
Argentina;Chaco;Quitilipi
Argentina;Chaco;San Fernando
Argentina;Chaco;San Lorenzo
Argentina;Chaco;Sargento Cabral
Argentina;Chaco;Tapenagá
Argentina;Chaco;Veinticinco de Mayo
Argentina;Chubut;Biedma
Argentina;Chubut;Cushamen
Argentina;Chubut;Escalante
Argentina;Chubut;Florentino Ameghino
Argentina;Chubut;Futaleufú
Argentina;Chubut;Gaiman
Argentina;Chubut;Gastre
Argentina;Chubut;Languiñeo
Argentina;Chubut;Mártires
Argentina;Chubut;Paso de Indios
Argentina;Chubut;Rawson
Argentina;Chubut;Río Senguer
Argentina;Chubut;Sarmiento
Argentina;Chubut;Tehuelches
Argentina;Chubut;Telsen
Argentina;Ciudad de Buenos Aires;Comuna 1
Argentina;Ciudad de Buenos Aires;Comuna 2 (Recoleta)
Argentina;Ciudad de Buenos Aires;Comuna 3
Argentina;Ciudad de Buenos Aires;Comuna 4
Argentina;Ciudad de Buenos Aires;Comuna 5
Argentina;Ciudad de Buenos Aires;Comuna 6 (Caballito)
Argentina;Ciudad de Buenos Aires;Comuna 7
Argentina;Ciudad de Buenos Aires;Comuna 8
Argentina;Ciudad de Buenos Aires;Comuna 9
Argentina;Ciudad de Buenos Aires;Comuna 10
Argentina;Ciudad de Buenos Aires;Comuna 11
Argentina;Ciudad de Buenos Aires;Comuna 12
Argentina;Ciudad de Buenos Aires;Comuna 13
Argentina;Ciudad de Buenos Aires;Comuna 14 (Palermo)
Argentina;Ciudad de Buenos Aires;Comuna 15
Argentina;Córdoba;Calamuchita
Argentina;Córdoba;Capital
Argentina;Córdoba;Colón
Argentina;Córdoba;Cruz del Eje
Argentina;Córdoba;General Roca
Argentina;Córdoba;General San Martín
Argentina;Córdoba;Ischilín
Argentina;Córdoba;Juárez Celman
Argentina;Córdoba;Marcos Juárez
Argentina;Córdoba;Minas
Argentina;Córdoba;Pocho
Argentina;Córdoba;Presidente Roque Sáenz Peña
Argentina;Córdoba;Punilla
Argentina;Córdoba;Río Cuarto
Argentina;Córdoba;Río Primero
Argentina;Córdoba;Río Seco
Argentina;Córdoba;Río Segundo
Argentina;Córdoba;San Alberto
Argentina;Córdoba;San Javier
Argentina;Córdoba;San Justo
Argentina;Córdoba;Santa María
Argentina;Córdoba;Sobremonte
Argentina;Córdoba;Tercero Arriba
Argentina;Córdoba;Totoral
Argentina;Córdoba;Tulumba
Argentina;Córdoba;Unión
Argentina;Corrientes;Bella Vista
Argentina;Corrientes;Berón de Astrada
Argentina;Corrientes;Capital
Argentina;Corrientes;Concepción
Argentina;Corrientes;Curuzú Cuatiá
Argentina;Corrientes;Empedrado
Argentina;Corrientes;Esquina
Argentina;Corrientes;General Alvear
Argentina;Corrientes;General Paz
Argentina;Corrientes;Goya
Argentina;Corrientes;Itatí
Argentina;Corrientes;Ituzaingó
Argentina;Corrientes;Lavalle
Argentina;Corrientes;Mburucuyá
Argentina;Corrientes;Mercedes
Argentina;Corrientes;Monte Caseros
Argentina;Corrientes;Paso de los Libres
Argentina;Corrientes;Saladas
Argentina;Corrientes;San Cosme
Argentina;Corrientes;San Luis del Palmar
Argentina;Corrientes;San Martín
Argentina;Corrientes;San Miguel
Argentina;Corrientes;San Roque
Argentina;Corrientes;Santo Tomé
Argentina;Corrientes;Sauce
Argentina;Entre Ríos;Colón
Argentina;Entre Ríos;Concordia
Argentina;Entre Ríos;Diamante
Argentina;Entre Ríos;Federación
Argentina;Entre Ríos;Federal
Argentina;Entre Ríos;Gualeguay
Argentina;Entre Ríos;Gualeguaychú
Argentina;Entre Ríos;Islas del Ibicuy
Argentina;Entre Ríos;La Paz
Argentina;Entre Ríos;Nogoyá
Argentina;Entre Ríos;Paraná
Argentina;Entre Ríos;San José de Feliciano
Argentina;Entre Ríos;San Salvador
Argentina;Entre Ríos;Tala
Argentina;Entre Ríos;Uruguay
Argentina;Entre Ríos;Victoria
Argentina;Entre Ríos;Villaguay
Argentina;Formosa;Bermejo
Argentina;Formosa;Formosa
Argentina;Formosa;Laishí
Argentina;Formosa;Matacos
Argentina;Formosa;Patiño
Argentina;Formosa;Pilagás
Argentina;Formosa;Pilcomayo
Argentina;Formosa;Pirané
Argentina;Formosa;Ramón Lista
Argentina;Jujuy;Cochinoca
Argentina;Jujuy;Doctor Manuel Belgrano
Argentina;Jujuy;El Carmen
Argentina;Jujuy;Humahuaca
Argentina;Jujuy;Ledesma
Argentina;Jujuy;Palpalá
Argentina;Jujuy;Rinconada
Argentina;Jujuy;San Antonio
Argentina;Jujuy;San Pedro
Argentina;Jujuy;Santa Bárbara
Argentina;Jujuy;Santa Catalina
Argentina;Jujuy;Susques
Argentina;Jujuy;Tilcara
Argentina;Jujuy;Tumbaya
Argentina;Jujuy;Valle Grande
Argentina;Jujuy;Yavi
Argentina;La Pampa;Atreucó
Argentina;La Pampa;Caleu Caleu
Argentina;La Pampa;Capital
Argentina;La Pampa;Catriló
Argentina;La Pampa;Chalileo
Argentina;La Pampa;Chapaleufú
Argentina;La Pampa;Chical Co
Argentina;La Pampa;Conhelo
Argentina;La Pampa;Curacó
Argentina;La Pampa;Guatraché
Argentina;La Pampa;Hucal
Argentina;La Pampa;Lihuel Calel
Argentina;La Pampa;Limay Mahuida
Argentina;La Pampa;Loventué
Argentina;La Pampa;Maracó
Argentina;La Pampa;Puelén
Argentina;La Pampa;Quemú Quemú
Argentina;La Pampa;Rancul
Argentina;La Pampa;Realicó
Argentina;La Pampa;Toay
Argentina;La Pampa;Trenel
Argentina;La Pampa;Utracán
Argentina;La Rioja;Arauco
Argentina;La Rioja;Capital
Argentina;La Rioja;Castro Barros
Argentina;La Rioja;Chamical
Argentina;La Rioja;Chilecito
Argentina;La Rioja;Coronel Felipe Varela
Argentina;La Rioja;Famatina
Argentina;La Rioja;General ángel V. Peñaloza
Argentina;La Rioja;General Belgrano
Argentina;La Rioja;General Juan Facundo Quiroga
Argentina;La Rioja;General Lamadrid
Argentina;La Rioja;General Ocampo
Argentina;La Rioja;General San Martín
Argentina;La Rioja;Independencia
Argentina;La Rioja;Rosario Vera Peñaloza
Argentina;La Rioja;San Blas de los Sauces
Argentina;La Rioja;Sanagasta
Argentina;La Rioja;Vinchina
Argentina;Mendoza;Capital
Argentina;Mendoza;General Alvear
Argentina;Mendoza;Godoy Cruz
Argentina;Mendoza;Guaymallén
Argentina;Mendoza;Junín
Argentina;Mendoza;La Paz
Argentina;Mendoza;Las Heras
Argentina;Mendoza;Lavalle
Argentina;Mendoza;Luján de Cuyo
Argentina;Mendoza;Maipú
Argentina;Mendoza;Malargüe
Argentina;Mendoza;Rivadavia
Argentina;Mendoza;San Carlos
Argentina;Mendoza;San Martín
Argentina;Mendoza;San Rafael
Argentina;Mendoza;Santa Rosa
Argentina;Mendoza;Tunuyán
Argentina;Mendoza;Tupungato
Argentina;Misiones;Apóstoles
Argentina;Misiones;Cainguás
Argentina;Misiones;Candelaria
Argentina;Misiones;Capital
Argentina;Misiones;Concepción
Argentina;Misiones;Eldorado
Argentina;Misiones;General Manuel Belgrano
Argentina;Misiones;Guaraní
Argentina;Misiones;Iguazú
Argentina;Misiones;Leandro N. Alem
Argentina;Misiones;Libertador General San Martín
Argentina;Misiones;Montecarlo
Argentina;Misiones;Oberá
Argentina;Misiones;San Ignacio
Argentina;Misiones;San Javier
Argentina;Misiones;San Pedro
Argentina;Misiones;25 de Mayo
Argentina;Neuquén;Aluminé
Argentina;Neuquén;Añelo
Argentina;Neuquén;Catán Lil
Argentina;Neuquén;Chos Malal
Argentina;Neuquén;Collón Curá
Argentina;Neuquén;Confluencia
Argentina;Neuquén;Huiliches
Argentina;Neuquén;Lácar
Argentina;Neuquén;Loncopué
Argentina;Neuquén;Los Lagos
Argentina;Neuquén;Minas
Argentina;Neuquén;Ñorquín
Argentina;Neuquén;Pehuenches
Argentina;Neuquén;Picún Leufú
Argentina;Neuquén;Picunches
Argentina;Neuquén;Zapala
Argentina;Río Negro;Adolfo Alsina
Argentina;Río Negro;Avellaneda
Argentina;Río Negro;Bariloche
Argentina;Río Negro;Conesa
Argentina;Río Negro;El Cuy
Argentina;Río Negro;General Roca
Argentina;Río Negro;Nueve de Julio
Argentina;Río Negro;Ñorquincó
Argentina;Río Negro;Pichi Mahuida
Argentina;Río Negro;Pilcaniyeu
Argentina;Río Negro;San Antonio
Argentina;Río Negro;Valcheta
Argentina;Río Negro;Veinticinco de Mayo
Argentina;Salta;Anta
Argentina;Salta;Cachi
Argentina;Salta;Cafayate
Argentina;Salta;Capital
Argentina;Salta;Cerrillos
Argentina;Salta;Chicoana
Argentina;Salta;General Güemes
Argentina;Salta;General José de San Martín
Argentina;Salta;Guachipas
Argentina;Salta;Iruya
Argentina;Salta;La Caldera
Argentina;Salta;La Candelaria
Argentina;Salta;La Poma
Argentina;Salta;La Viña
Argentina;Salta;Los Andes
Argentina;Salta;Metán
Argentina;Salta;Molinos
Argentina;Salta;Orán
Argentina;Salta;Rivadavia
Argentina;Salta;Rosario de la Frontera
Argentina;Salta;Rosario de Lerma
Argentina;Salta;San Carlos
Argentina;Salta;Santa Victoria
Argentina;San Juan;Albardón
Argentina;San Juan;Angaco
Argentina;San Juan;Calingasta
Argentina;San Juan;Capital
Argentina;San Juan;Caucete
Argentina;San Juan;Chimbas
Argentina;San Juan;Iglesia
Argentina;San Juan;Jáchal
Argentina;San Juan;Nueve de Julio
Argentina;San Juan;Pocito
Argentina;San Juan;Rawson
Argentina;San Juan;Rivadavia
Argentina;San Juan;San Martín
Argentina;San Juan;Santa Lucía
Argentina;San Juan;Sarmiento
Argentina;San Juan;Ullum
Argentina;San Juan;Valle Fértil
Argentina;San Juan;Veinticinco de Mayo
Argentina;San Juan;Zonda
Argentina;San Luis;Ayacucho
Argentina;San Luis;Belgrano
Argentina;San Luis;Chacabuco
Argentina;San Luis;Coronel Pringles
Argentina;San Luis;General Pedernera
Argentina;San Luis;Gobernador Dupuy
Argentina;San Luis;Juan Martín de Pueyrredón
Argentina;San Luis;Junín
Argentina;San Luis;Libertador General San Martín
Argentina;Santa Cruz;Corpen Aike
Argentina;Santa Cruz;Deseado
Argentina;Santa Cruz;Güer Aike
Argentina;Santa Cruz;Lago Argentino
Argentina;Santa Cruz;Lago Buenos Aires
Argentina;Santa Cruz;Magallanes
Argentina;Santa Cruz;Río Chico
Argentina;Santa Fe;Belgrano
Argentina;Santa Fe;Caseros
Argentina;Santa Fe;Castellanos
Argentina;Santa Fe;Constitución
Argentina;Santa Fe;Garay
Argentina;Santa Fe;General López
Argentina;Santa Fe;General Obligado
Argentina;Santa Fe;Iriondo
Argentina;Santa Fe;La Capital
Argentina;Santa Fe;Las Colonias
Argentina;Santa Fe;Nueve de Julio
Argentina;Santa Fe;Rosario
Argentina;Santa Fe;San Cristóbal
Argentina;Santa Fe;San Javier
Argentina;Santa Fe;San Jerónimo
Argentina;Santa Fe;San Justo
Argentina;Santa Fe;San Lorenzo
Argentina;Santa Fe;San Martín
Argentina;Santa Fe;Vera
Argentina;Santiago del Estero;Aguirre
Argentina;Santiago del Estero;Alberdi
Argentina;Santiago del Estero;Atamisqui
Argentina;Santiago del Estero;Avellaneda
Argentina;Santiago del Estero;Banda
Argentina;Santiago del Estero;Belgrano
Argentina;Santiago del Estero;Capital
Argentina;Santiago del Estero;Choya
Argentina;Santiago del Estero;Copo
Argentina;Santiago del Estero;Figueroa
Argentina;Santiago del Estero;General Taboada
Argentina;Santiago del Estero;Guasayán
Argentina;Santiago del Estero;Jiménez
Argentina;Santiago del Estero;Juan F. Ibarra
Argentina;Santiago del Estero;Loreto
Argentina;Santiago del Estero;Mitre
Argentina;Santiago del Estero;Moreno
Argentina;Santiago del Estero;Ojo de Agua
Argentina;Santiago del Estero;Pellegrini
Argentina;Santiago del Estero;Quebrachos
Argentina;Santiago del Estero;Río Hondo
Argentina;Santiago del Estero;Rivadavia
Argentina;Santiago del Estero;Robles
Argentina;Santiago del Estero;Salavina
Argentina;Santiago del Estero;San Martín
Argentina;Santiago del Estero;Sarmiento
Argentina;Santiago del Estero;Silípica
Argentina;Tierra del Fuego; Antártida e Islas del Atlántico Sur;Antártida Argentina
Argentina;Tierra del Fuego; Antártida e Islas del Atlántico Sur;Islas del Atlántico Sur
Argentina;Tierra del Fuego; Antártida e Islas del Atlántico Sur;Río Grande
Argentina;Tierra del Fuego; Antártida e Islas del Atlántico Sur;Tolhuin
Argentina;Tierra del Fuego; Antártida e Islas del Atlántico Sur;Ushuaia
Argentina;Tucumán;Burruyacú
Argentina;Tucumán;Capital
Argentina;Tucumán;Chicligasta
Argentina;Tucumán;Cruz Alta
Argentina;Tucumán;Famaillá
Argentina;Tucumán;Graneros
Argentina;Tucumán;Juan Bautista Alberdi
Argentina;Tucumán;La Cocha
Argentina;Tucumán;Leales
Argentina;Tucumán;Lules
Argentina;Tucumán;Monteros
Argentina;Tucumán;Río Chico
Argentina;Tucumán;Simoca
Argentina;Tucumán;Tafí del Valle
Argentina;Tucumán;Tafí Viejo
Argentina;Tucumán;Trancas
Argentina;Tucumán;Yerba Buena
