ARGENTINA;Buenos Aires
ARGENTINA;Catamarca
ARGENTINA;Chaco
ARGENTINA;Chubut
ARGENTINA;Ciudad de Buenos Aires
ARGENTINA;Córdoba
ARGENTINA;Corrientes
ARGENTINA;Entre Ríos
ARGENTINA;Formosa
ARGENTINA;Jujuy
ARGENTINA;La Pampa
ARGENTINA;La Rioja
ARGENTINA;Mendoza
ARGENTINA;Misiones
ARGENTINA;Neuquén
ARGENTINA;Río Negro
ARGENTINA;Salta
ARGENTINA;San Juan
ARGENTINA;San Luis
ARGENTINA;Santa Cruz
ARGENTINA;Santa Fe
ARGENTINA;Santiago del Estero
ARGENTINA;Tierra del Fuego Antártida e Islas del Atlántico Sur
ARGENTINA;Tucumán
